{
    "sessionId": "81967a06c3bee16a7214bcf6156ac533",
    "status": 0,
    "value": {
        "ceil": {},
        "clone": {},
        "floor": {},
        "round": {},
        "scale": {},
        "toString": {},
        "translate": {},
        "x": 312.08123779296875,
        "y": 371.171875
    }
}